listing_id,standardization_score
1000496571972594074,-1
10007224,0
10009143,0
1001232776784508975,0
1001866935188273365,0
1002269849703957666,0
1002821788230469550,-1
1003599537644152960,0
1004294135938150493,-1
1004778253073913352,0
10049291,0
1004929857362002851,-1
1005600,-1
1005762461101659822,0
1005873863853480513,0
1006006558861169063,0
1006051154415144822,0
1006058828311188822,0
1006148412416043397,0
1009118964193816022,0
1009310059681330533,-1
1010977546029926854,0
1011418115840566788,0
1012121862137395526,0
1012292576113001046,-1
1012788312298545060,0
1012993453903860298,-1
1013023351532968605,-1
1013024145346387920,0
1013040299582920381,0
1013115825016730727,0
1013659645152994081,-1
1013664935529572389,0
1015800922233222203,0
1015886774612536192,-1
1017416161602129006,0
10177415,-1
1018723713328742213,0
10187638,0
1019645364025139380,0
1021704877608860038,0
1022407881661828925,-1
1023207522070718483,0
1023791837568644069,0
1024597009841108266,0
1025408262429591231,0
1025911523271170069,0
1025922829289692460,0
1025939362998759778,-1
1025964215767534118,0
1025973487362891344,0
1026489070081004269,0
10266213,-1
1027461491324100202,0
1028416280043983787,0
1028814088239041528,0
1029117835809026377,0
1030109993536044419,0
1030211817740335495,0
1030369378969675444,0
1030615640515693564,0
1030815771836131955,0
10308241,0
1030948933127251948,0
1031252878520984970,0
10315266,0
1031664089096073526,0
1031766085924064083,0
1032641348296998047,0
10330977,0
1033352030577062675,0
1033415189760723761,-1
1034077814080223978,0
1034147641714789605,-1
1034524563813498795,0
1034596285332768623,-1
1034623474259913011,0
1034726446352230360,0
1034745763294719104,0
1035260608676609758,0
1035313527546805315,0
1035494887098421006,0
1036026734293910313,-1
1036027015239575544,-1
1036372935193689020,0
1036684,0
1036769097515599836,-1
1038293185528734950,0
1038439029696376389,0
1039067948234576204,-1
1039135363214852772,0
1039257971213108347,0
1039775872829879220,0
1039842969340429933,0
1039849322865945351,0
1041402778528095277,0
1041419403124899430,-1
1041777551138643116,0
1041838202927751172,0
1043470265526890636,-1
1044778922265736646,0
1045414852365658871,-1
1045629978683232981,0
10461161,0
1046176578472570763,0
1046876062059542149,0
1046998637855388513,0
1047061871850465132,0
1048409752241799525,0
1048573595137799419,0
1049259275902344573,0
1049366126590276267,0
1049833261720974389,0
1049962009408778758,0
1050509062942906341,0
1051310623609923800,0
1052202590499595067,-1
1052704096731889488,-1
10534837,-1
1054173138786710095,0
1054350979456328754,-1
1054536939530012956,0
1055029714114946850,0
1055052159721471431,0
1055071714989725297,0
1055095228936782097,0
1055146850335904900,0
1055730682132915508,0
1055735288428953585,0
1055868582318336137,0
1055940525192192965,-1
1056476505818415023,-1
1057854,0
1058589914478201069,0
1059605941818495141,-1
1060061150476077454,-1
1060076206364819456,0
1060674457719973419,0
1060791226302168804,0
1060798762872788178,-1
1060910354255621958,-1
1060992288100601956,-1
1061374652986152066,0
1061427710674610309,-1
1062029016198078232,0
1062381244541642082,0
1063872035868113541,0
10640909,-1
1064460912337052596,0
1064482627733047485,0
1064979033175941054,0
1065351887620893488,-1
1065576834159517742,0
1066083933546044606,0
1066689393962355267,0
1067336010480938571,-1
1067344699829870447,0
1068858031561879193,0
1068886773852187071,0
1069404020425415356,0
1069492379796557475,0
1069575562185159114,0
1069645539875141665,0
1069678753483886804,0
1070029789759866361,0
1070239827176548235,0
1070249817446805997,0
1070263506549184122,-1
1070779291716206927,1
1070832457559446937,-1
1070865909210631354,-1
1070942552605442551,0
1071020436354803291,-1
1071494132689875557,0
1071671215504124976,0
1071844015695678679,-1
1072421984563119657,0
1073702175892868887,0
1073894409940916009,-1
1073904239433165476,0
1074589249553850236,-1
1074608173086927543,0
1075050108575147178,0
1075131325801330905,0
1075230796237995439,-1
1075447205609755444,0
1075949095616845448,0
1076604320416650284,0
1076690039564992664,0
1076807723521029683,0
1077224115182195307,0
1077224116223694415,0
1077225131639147183,0
1077225134109396230,0
1077360690249409720,0
1077400280648582586,0
10777269,0
1079508410591111395,0
1079541192783426742,0
1079697904364918956,-1
1079726489035058170,0
1080378252564603029,-1
1080382468646501348,1
1080405047590938819,0
1080943945230018972,0
1081104267455941188,0
1081197781550957409,0
1081206585861772315,0
1081771591323731195,0
1081813751193630793,0
1081840073652296121,0
1082449418290115648,-1
1084577806349336868,0
1084691456608967724,-1
1084692418761490545,0
1084770142975181841,0
1084890809874236931,0
1085011309361359514,-1
1085385002598595510,0
108591,0
1085948074151332003,0
1085995486018966342,1
1086149610583406203,-1
1086180309832086366,1
1086262606512645300,0
1086825919023277220,-1
1087511455839862434,0
1088159693972512718,0
1088309266624697283,-1
1088382947858308213,0
1089077182415852769,0
1089853229772546496,0
1090393348409889807,-1
1090502646283750434,0
1090508659402664193,0
1091060898252291023,0
1091146348800919851,-1
1091206448928687507,0
1091385513134724327,-1
1092098266431353013,-1
1092614358419532028,0
1092692102948434736,0
1092720121063377343,0
10930100,0
1093249846373104640,0
1093404047865720044,0
1093498347774068091,0
1093550386830026906,0
1094229067514322476,-1
1094744579254432669,0
1094828926308971994,0
1095443053757034011,0
1095495869394400869,0
1095563376866374359,0
1095695714184754577,0
1096369771659673108,0
1096390902789429201,0
1096859093083551158,0
1097011566946292194,0
1097063377390040738,0
1097063945595455948,-1
1097082117619041856,0
1097100609509700248,0
1097206089981919957,-1
1097679906813764120,0
1097714160320609203,0
1097780207217510222,0
1097807479304192178,0
1098311667023091894,0
1098334585944218669,0
1098586078865488314,0
1099929305327564238,0
1100112879555144600,0
1101310060020360515,0
1101420573080360866,0
1101955138896595445,0
1101960142595840567,0
1102142209147876474,-1
1102833247341610220,0
1102900577828884667,0
1103504941778909972,-1
1103682292524786238,0
1103709297667185099,0
1104428448503252772,0
1104874052958713091,0
1104916855698242359,1
1105120692958247742,0
1105568784351773025,0
1105622312713677465,0
1105671197172679606,0
1105800773574314600,0
1106640152162745294,0
1107010504468653469,0
1107030330779079987,0
1107099540749135658,0
11076926,0
1109452674592963859,-1
1109549278916637715,0
1109976559167994601,0
1110122854593504652,-1
1110123618867632155,-1
1110128849753490894,0
1110134071929494121,0
1110174294258973439,0
1110719130935045505,-1
1110759327088809303,-1
1110761496706634616,-1
1110762293025389007,0
1110764949711313570,0
1110767167391585520,-1
1110767819396140823,-1
1110769529104777694,0
1110869925924846383,0
1110930977513271120,-1
1111383123691276092,0
1112246090911377189,-1
1113274113701520879,0
1113609097090241355,0
1114528900637267753,-1
1114675724177596487,0
1114776999725629053,0
1115115850519118253,0
1115659465905456941,0
1115795185302642071,0
1115888924908019654,0
1115947696779451228,0
1116398967825571976,0
1117304364906670720,0
1117364618421346339,0
1117841746399000152,0
1117903621857826944,0
1117983887034368037,0
1118025031111559711,-1
1118062308734308558,0
1119460009921087760,-1
11195250,-1
1119545786432390809,0
1119550027744160141,0
1119586650258660931,0
1120198739494310162,-1
1120295683111709478,0
1120692004673469197,-1
1120769377576048338,0
1120865972355379331,0
1121585470556387414,0
1121664952513599811,-1
1123007301501653909,0
1123095910090653219,0
1123950426567611637,0
1124351772934748550,0
1124619212722273190,-1
1125172666486991670,0
1125449557335870221,0
11254840,0
1125746761097858386,-1
1125898761574484656,0
1126149052379174860,0
1126161089070977826,0
1126532433561641127,0
1126725344114215703,0
1126770311051486184,0
1127207662222801337,-1
1127475237475836434,0
1127481327634328143,0
1127619609640069136,0
1128151682985949663,-1
1128244108620344695,0
1128924217510442058,0
1129790890741867942,0
1130189141400626890,-1
1130927493300849764,0
1130956413774201019,1
1131088362441548140,0
1131620483526696008,-1
1131814488318247491,0
1132034926248196706,-1
1132610827097050924,0
1133319928266260006,0
1133344561518961817,0
1133795842696211873,-1
1135308044894784306,0
1135349646534620169,0
1135471302001139354,0
1135665374992997108,0
1135992186741225238,0
1136159439636276423,0
1136856561776309880,0
1136907998957621307,0
1136938378239763666,0
1137031331396615270,0
1137033341510335316,0
1137387630058581204,-1
1137594812690933079,0
1137844,-1
1138252780131522941,0
1138284793158976564,0
1138287790681859779,0
1138326319926564145,-1
1138334313029069473,0
1138345540791163140,0
1138374981085434376,0
1138522924854429602,0
1139017851781132069,0
1139607664259627238,0
1139957954077782663,0
1140320147044216762,0
1140436335604239660,-1
1140491550462551448,0
1140505693331561483,0
1140513558276061380,0
1140524194670060433,0
1140538068865684026,0
1140541798935714538,0
1140691789039361635,-1
1142488947994222180,0
1143375177749897595,0
1143563587505399674,0
11436236,-1
1143975139269152736,0
1144609491529881952,0
1144968261141449825,0
11450917,0
1145415440485925249,0
1146160009003402268,-1
1146313933295610241,0
1146997677041302388,0
1147874742040249505,0
1148435015373152526,0
1148530354727857964,0
1149265102654545319,0
1149971287291701224,0
1150631933694395198,-1
1150672475815286460,0
1151206283158892677,0
1151237913467794090,0
1151284043443696823,0
1151435414598907417,0
1152009218142023703,-1
1152076580762607477,0
1152959197091737215,0
1153523293626808881,0
1155103050707464827,0
1155578138945172659,-1
1155859466746324272,0
11559006,0
1156060632291267308,0
1156084767038972060,-1
1156424874708107231,-1
1157018807151931980,-1
1157079249896093924,0
1157144450072092466,-1
1158577217331591846,0
1160712421735239517,0
1160725601494020996,0
1160945559615574630,0
1161374197546519520,0
1161632743316828645,-1
1162068076843085865,0
1162089838895537802,1
1162136640160279859,-1
1162235539024725621,0
1162267019898567746,0
1162891698990380245,0
1162973976254608771,0
1163017694662677286,0
1163620116058183888,0
1163697493672230003,0
1163702350453626107,0
1164388235602237991,0
1164634866477506439,0
1165133228486098545,0
1165279196577867397,0
1165665896150567421,0
1165713538326293615,0
1165741237983746321,0
1165759660129286294,0
1165786603867152545,0
1165798874958077815,-1
1165852862200967528,0
1166721890017421516,-1
1166755481842382247,0
1167921812333877628,0
1167937584187114237,0
1167982156923650275,0
1168080796125850038,0
1168096204783811235,-1
1168180182008035137,0
1168783608070761764,0
1168792117763450769,0
1168802372258693103,0
1168826371621566069,0
1169420349262441420,0
1170020942737924390,-1
1170816620340588157,0
1170839340982865987,0
1170885284845639320,0
1171002149392485455,0
1171662684889768879,0
1172361096423383992,0
1172976315899114854,0
1173750371859555725,0
1173819187863289515,0
1173841032536111457,0
1175280243257887609,0
1175359567710202754,0
1175912126377404497,0
1176000804891474467,0
1176793362441027430,0
1176846794345599200,0
1177419535513004048,-1
1178048987511767346,0
1178172005410576701,0
1178770279568780129,0
1178811454063509683,0
1178856318055372831,0
1179043042825052834,1
1179493614221560537,0
1180281480067630298,0
1180390934350314592,0
1180460528606676667,0
1180534124156495651,0
1180904859707181171,0
1181125458760261256,0
1181671862645090551,0
1181681435918341332,0
1181688621566997808,0
1181723140878430098,-1
1181746496721744429,0
1181747062544617670,-1
1181982146617902957,0
1182007207513517695,0
1183163835381893863,0
1183296064264993386,0
1183750167285629002,0
1183978066701548239,-1
1185491268680060422,0
1186028522837251221,0
1186137475241805384,0
1186149679153389340,0
1186159460053941651,0
1186972688607734727,0
1189012934929898828,0
1189030848336118646,0
1189068918412925112,1
1189088529078816954,0
1189092272925381446,0
1189097407274425924,0
11895850,0
1189810922264881624,0
1189966223899208428,0
1190557124483110828,0
1191206592548883961,0
1191324350983013220,0
1191842403091327554,0
1191940394460167368,0
1192012180256121308,-1
1192253,0
1192481400982482298,-1
1192662764114359955,0
1194123410253975883,0
1194897509211917586,-1
1195803737769257878,-1
1196312406886238468,-1
1196413367608379788,0
1196511128954583650,0
1197164144359621856,0
1197564683645875740,0
1197629893014618669,0
1197658504727668493,0
1197660494243319894,0
1197733181127884237,0
1197781632375371990,-1
1198325972550931259,0
1198328416551211059,0
1198480838162018998,0
1198580043613160135,0
1198962351991290656,0
1199133538304934546,0
1199242381451339573,0
1201353198181858244,0
1201431625032059189,-1
1201979665075299779,0
1202660063470694097,0
1202680721898834851,0
1202707209502764021,0
1202805309106309290,0
1202808525101889795,0
1203148569483543431,-1
1203274716087341598,0
1203566925431012739,0
1204954367503352761,0
1206024203293892908,-1
1206397974269915554,-1
1206638076342973846,0
1206692335050014758,0
1207202458741125583,0
1207977018475391496,0
1208146302530135927,0
1208529383772253333,0
12086068,-1
12087891,-1
1209355220535933410,0
1209437238194693017,0
1210175582776054195,0
1210616606459067476,0
1210656782618222204,0
1212419601383788603,-1
1212812311428339854,-1
1213566108306222036,0
1213602649766344986,-1
1216447569069156519,0
1216499066763409379,0
1216553005219659669,0
1216586462507266225,0
1217317108900793213,0
1218195685735544107,0
1218611712280497443,0
1218817,0
1219507101253411244,0
1219665793956425747,0
12196813,0
12198163,0
1221458000123176387,0
1221690518617966640,0
12217315,0
1222408674071237530,0
1222608624087395360,0
12237327,0
1224381653838884820,0
1226110903991790480,0
12264956,-1
1226570415130132930,-1
1228035353415479562,0
1228035525860398543,0
1228068090962171923,1
1228068092610141610,0
1228166893593683193,-1
1230235965143493249,0
1231645074683841292,-1
1231660335220819644,0
1231856712815715519,1
1232378640060820213,0
1233084702003245118,0
1233094880100767128,0
1233828538872124300,0
1233834382413577117,0
1233898065532719520,0
1233990548423109276,0
1234337601603909178,-1
1235412004589098804,-1
1235939050724103300,0
1236835839918623113,0
1238449940197872326,1
1238921131643763517,0
1239005135068135841,0
1239596326622114300,-1
1240668220235233365,0
1241881037104140215,1
1241963243927133366,0
1242554745066883852,0
1244000113039277040,0
1244007677455498366,0
1244207848763794271,0
1244726299650710852,0
1245470669322309055,0
1245533428748324952,0
1245552332686988799,-1
12461590,-1
1246620033981570351,0
1247586160737996294,0
1247622156039463956,-1
1247689884359406059,0
1248486560864466964,0
1248521657577828228,0
12490398,-1
1249107313120302439,1
1249211110430434950,1
1249766156839419453,0
1250073842674457206,0
12505796,-1
1252162775696675026,0
1252781379309868238,0
1254060483817840472,-1
1254925047411897005,0
1254925049189075487,0
1254925056440134640,0
1254925064752703033,0
1256365249098910363,1
1256784512920329869,0
12575495,0
1257806454319409462,0
1258636910116288183,-1
1259326386832443047,0
12593463,0
1261411182045512784,0
1261793342680983600,0
1262262449878074153,0
1262972553457417050,0
1263013698430086435,0
1263197379356872782,0
1263614746853906032,0
1263721468122291275,0
1263797711040382595,0
1264280663103818517,0
1265102289707323124,0
1265711776849440287,0
12661406,0
1266532253011883811,0
12666900,-1
1267958512625252170,0
1268076809370351470,0
12682231,-1
1268232027856886692,0
1268239358569299617,0
1269296864116020154,-1
1269303791003848605,0
1269561851679224854,0
1270056156796467013,0
1271817977921885736,0
1272440379259864615,0
1272489086802481226,0
1272615347044029360,-1
1272818527248687654,0
1274455081305702680,0
1275118952980820130,0
1275291279234373641,-1
1275291512550686417,-1
1275557477315609484,0
1275837505041808017,0
1276702153702321112,0
1278935605350165051,0
12826279,0
1283236604218480987,0
1283244657463277799,0
12845041,0
1284572246056631015,-1
1284606734534449533,-1
1284709166259439880,-1
1285307525574160352,0
1285364319884947120,-1
1285496674837706980,0
1285498139587761956,0
1285510217140851327,0
1285627786957993227,0
1286084136478152023,0
1287672584926630071,0
1287908573126344532,0
1288253423887702560,0
1288370164683450443,-1
1289119767230489762,0
1290708750763892346,0
1291177187994184418,0
1291291872464104905,0
12925207,-1
1293228641089895648,0
1293282016377861526,0
1293390735268278511,0
1294710856950562405,0
1295528468707245785,0
1295725018875092598,0
1295725387409620418,0
1295725758773317286,0
1295726126352827317,0
1297098776025027363,0
1299142520420518640,0
1299146400486795379,0
1299263750098508972,0
1301263,-1
1301287484915362172,0
1303490442547957741,-1
1303499542785783641,-1
1303597109114692998,0
1303674009398073129,0
1303827693187247038,0
1304161166514585182,0
1304187220066215836,0
1304972815275099930,0
13050861,0
13051365,0
13053546,0
1305824687845673893,0
1306318103268783782,0
1307055083959854928,0
1307884086761976229,0
1308500614364749943,0
1308698544662556346,0
1308836268645549809,0
1309215137834795285,-1
1309224596320319012,0
1309267923028220545,0
1310138867495394016,-1
1310806498332151969,0
1311042875630971017,0
1312413721541390378,-1
1313040446189580068,0
1313660429649232916,0
1316470489716405381,0
1317136448398919822,0
1317563310400162858,0
1317938676577447008,0
13181865,0
1319453483630703270,0
1320207239767438775,0
1320223349931787666,0
1320250016766257161,0
1320258810840921315,0
1320263207519651164,1
1320274711298208163,0
1320308926694652703,0
1320310415624536887,0
1320312433000302005,0
1323409381525228834,-1
1323754562761490527,0
1323786781876906576,0
13253141,-1
1325315121866414688,0
13257209,0
1325901618387340126,-1
1325906237609102167,0
1326234956034790379,0
13262896,1
1326931694706146306,1
13275499,0
1327809179099410950,0
1328074955265919754,0
1328204933748907067,0
1328239457085041016,-1
1329018,0
13293072,0
1329508482161322762,0
13295529,0
1329556391302746168,0
1329635755492174173,-1
1329906349095728453,0
1330790437011371935,0
1334050488134348258,0
13344259,0
1334627398887708164,0
1335396831374632569,0
1335459233506115634,0
1335492688471473418,0
1335739215971771039,0
1335854150310683556,-1
1336131,0
13365316,-1
1337589015565043605,-1
13389863,0
1339085987843323388,0
1339118362019852345,0
1339118897924933226,0
1339900344421667985,-1
1339946099207182078,-1
1340417612493974939,-1
1340447758766878474,-1
1341275085528150553,0
1343451797935301475,0
1344407229609536616,0
1345597033698920523,0
1345700038781623581,0
1348653634754828402,0
1349092925856133805,0
1349100945622306529,-1
1349170191228278663,0
1349170694791604309,0
1349181912602147520,0
1349249556225411718,0
1349801010920590255,0
1349872315638755063,0
1350709835208348628,0
1351333787836932284,0
1351356107151282312,0
1351368525066878264,0
1351524445375614781,0
13519930,0
1352096229458621888,-1
1353338,0
1353582680235461409,0
1354385071797382983,-1
1354426278009980392,0
1354999947860771115,0
1355564589418719119,-1
1355783860420601144,0
1356355978030241489,0
1358564944274463304,0
13586390,-1
1358758766372326962,0
1358833419629235014,-1
1359986,1
13600836,0
1360164488403976732,0
13602090,0
1360365221167088717,0
1360683907820984033,0
1360683909446312693,0
1360860117142138693,0
1361435393190497551,0
1361613530714497138,0
1363026485491366574,0
1363359,0
1363645068719672089,1
1364437159178100227,0
1364448017356446941,0
1364647881053307736,0
1365081852415604081,0
1365215060036138469,0
1365768408887550162,0
13658730,-1
1365894698486867830,0
1366561277239605936,0
1366570916658384481,0
1366746794717675352,-1
1369023483028529289,-1
1369038298082648024,0
1370290257703225891,-1
13705258,0
1370817156709615180,-1
1370857135134307699,0
13713039,0
1372419541744619340,0
1372568787276872678,0
1372605301732934054,0
1373159559640718643,-1
13736006,0
1373737960239628837,0
1373849173478933232,0
1374100844432216299,0
1374453732179603384,0
1375480798367389235,0
13756206,-1
1375973583675623158,0
1378326773059411202,0
1378802496160407195,0
1378881557964311969,0
1378913383743426318,0
1378959493211804030,0
1379120788276104515,0
1379571334510689288,0
1380334929721273215,0
13813405,-1
1381700547730748725,-1
1382412544742085350,0
1383139260529478637,0
1383899788003908106,0
1384674722728984396,0
1384685280171625116,-1
1384725823842174017,0
1384740523047158644,0
1385480998590416128,-1
1386797697225425947,0
1386813080125400749,0
1386813081122732202,0
1386813087869640910,0
1386814098503835127,0
1387166670949043460,0
13872071,-1
1388305038057638776,-1
1389174264983133139,0
1389830590529298762,0
1391133783308148456,-1
1391214386591960722,0
1391951502368325751,0
1393396763652744201,0
1393530112769860110,0
1394052354894156383,0
1394159381147806092,0
1394803026465643936,0
1394812696321486870,-1
1394817081066731128,0
1395495513912430783,0
1395613641844693777,-1
13956913,0
1396330450220902863,0
1396387604235758391,0
1396387989902860865,0
1396389240036834367,0
1396390826210838877,-1
1396392444589680118,-1
1396659558019507026,0
1397090109840457673,-1
1397814922362607510,0
13989978,0
1399253281111652654,0
1400668849062454696,0
1401671273469717003,0
1402059342656316001,0
1402253530655787706,0
1404888316212576405,0
1405551494962363322,-1
1405581775768107250,-1
1405607383551931829,-1
1405644259147443231,-1
1405776271216085344,0
1405806710825526957,0
1406325099404846709,0
1406325722563482140,0
1406326351770077057,0
1406327347472457625,0
14066049,0
1407053512382282489,0
1407164458093478631,0
1407259942273337661,1
1407964804767608303,-1
1408631772269112650,0
1409187948568513278,1
1409524131690461584,0
1409894133445344030,-1
1409907099664417248,0
1410073979257543964,0
1410809570291655930,0
1410841848226285079,-1
14114356,-1
1411548369413701418,-1
1411598377562719918,0
1412874987431990131,0
1414416594048386465,-1
1414505205076691768,1
1414603263949216958,0
1415035513521013212,0
1415137567566944027,0
1415158916663104177,0
1415224525788381883,0
1415687117616049831,-1
1415924759978193234,0
1415927031012129518,0
1416389786426933260,0
1416423485366497833,0
1416478901360277171,0
1416602096855950883,0
1416615806984068852,0
1416909933585825934,0
14173173,-1
14175814,0
14178982,0
1418111656534400323,0
1418932648954007731,0
14193443,0
1419423470506389393,0
1419447855982440719,0
1419475233282493392,0
1419567382823588033,0
1420091213735377876,0
1420180809878081448,0
1420279413312800752,0
1420396472835819718,0
1421585107536473467,0
1421649639118341382,0
1421703466332797898,-1
1421803109943229052,0
1421862255645469744,0
1421872440139851476,0
1422323061453713029,0
1422323063682997710,0
1422408645548318826,0
14230902,0
1423706693484272347,0
1423776659857126566,-1
1423821424680436293,0
1424806328219700707,1
1425269432267311353,-1
1425369721884300090,-1
1425590235741000045,0
1425880643483923299,0
1425915406801195235,0
1425995366458823328,0
1427343322915249161,0
1427464261583014739,-1
14275153,0
1428139916075702176,-1
1428376216359439289,0
1429830340355785662,-1
1429940374253640942,0
1431821443524108961,0
1434164905331205199,0
1434673638985778072,0
1434673966437955316,0
1435239253123648231,0
1435483022794480221,-1
14358983,0
1437098876993289260,0
1437634398289242591,0
1437642358695239070,0
1437715938306587092,0
1438354882596219833,0
1440419931981654392,0
1440581531424969527,0
1441178330577429672,0
1441983692348273847,0
1442022720728788122,0
1442972686478148586,-1
1443449317606727741,0
1443462588543528253,0
1444114937736329894,0
1444909069642177947,0
1445530233383875749,0
1445745764901025009,0
1446885812356033084,0
1447078358432385884,-1
1448260,0
1448377783672369194,0
1448493740195142866,0
1448706491877804648,-1
1449367558809841446,0
1449380586930329343,0
1449834136395260689,0
1450097809019292357,0
1451270137052276578,0
1451344976382459631,0
1452126592173964145,0
1452253278935747464,0
1452767397409974331,1
1452788329900786435,0
1452807794642563785,1
1453109565549604582,-1
1453760355803553379,-1
1453762603322042253,-1
1453768203775143941,0
1453770653736598729,0
1453775903223770221,0
14540984,0
1455036619832074441,0
1455226827980363345,0
1456526492898584461,0
1457053924950018574,0
1457158362723563601,0
1457355482751445396,0
14574055,-1
1457429977910555948,0
1458571640884772676,0
1458860837023950959,0
1460782659640925759,-1
1461128058755738014,0
1461181612216958271,0
1461485491265076141,0
1461638556060600281,0
1462235317676963275,0
1462267501884130159,0
1462314086623381697,0
1462796428491970191,0
14628856,0
1463048431503032412,0
1463786267454653333,-1
1463895071201109512,0
1464441167232391745,0
1465193337914427107,0
1465717352120904212,0
1466625216864382988,0
1467223561063580483,0
1467556465777825970,0
1467906670546768728,0
1468141499606308522,0
1468792033950874413,0
1469468916414443876,0
1469536291003476285,0
1470120327347426689,0
1470314963008211934,0
1470324802092431702,0
1471075476344971875,0
1471710541702900296,-1
1471738634726082591,0
1471753789018855482,0
1472296441967112250,0
1472445349506610930,0
1472468175364371401,0
1472799431864549588,-1
1473216389931804939,0
1473280745057985835,-1
1474734513642378790,0
1475185196208766956,0
1475302166816030200,-1
14753339,-1
1475532789164015427,1
1475980025462698327,0
1476017004721693992,0
1476032069418351227,-1
1476800519904089192,-1
1477418227681959673,0
1477527624817180487,0
1477905477612444037,-1
1478117526636970261,0
1478306982742523276,0
1479035141627904507,0
14791770,0
1479770955233001276,0
1479867736142191079,-1
1479930201462419487,-1
1479949909764573331,-1
1479955568950768163,0
1479958010018667758,-1
1479960336251619428,-1
1479974269235184336,-1
1481211479705306353,0
1481720889245129495,1
1481754230424845668,0
14852046,-1
15013954,0
15107916,-1
15110831,-1
15131768,-1
15281334,0
15462775,-1
15487716,0
1550642,-1
15593539,0
15637733,0
15646678,-1
15673624,0
15881622,0
15899428,0
16021074,0
16045277,0
16219495,0
16331783,0
16433885,0
16539736,-1
1670507,0
171159,0
17118376,0
17369914,0
17477446,0
17510295,0
17548344,0
17746348,0
17760915,0
17769356,0
17784695,0
1785028,0
17874094,-1
18074771,-1
18205045,0
18245894,0
18301068,0
18341049,0
18501263,0
18543640,0
18592217,0
18627010,0
18679358,0
18680077,-1
18689741,0
18733658,0
18797660,0
18861731,0
1892591,0
18985577,0
19099840,0
19116969,0
19154606,-1
19237646,-1
19268981,0
19373778,-1
19424607,0
19463468,0
19482743,0
19504460,-1
19567542,-1
19657406,0
19657742,0
19670127,0
19673508,-1
19689279,-1
19728487,0
19755546,0
19755723,0
19795939,0
1983291,0
20022170,0
20080633,0
20159456,-1
20174468,-1
20218377,0
20241076,0
20262163,-1
20267185,0
20320861,0
20414473,0
20471723,0
2050473,0
20605635,0
20781169,0
20816563,0
20929848,0
21067601,0
21202743,0
21250979,-1
21329599,0
21465041,0
2162251,0
21659430,-1
21673538,0
21769040,0
21780368,0
21834117,-1
21857142,0
22025788,-1
22133154,0
22158,-1
22398638,-1
22398948,0
22511432,0
22521435,0
22647020,0
22667883,0
22669204,0
22828500,-1
22889414,0
23036313,-1
23101918,0
23118333,-1
23274321,-1
23316029,-1
23321708,0
23322168,0
23369363,0
23464119,0
23474118,0
23709163,0
23769001,0
23811283,-1
2384250,0
24132831,-1
24133705,0
2415284,-1
24225710,1
24239004,-1
24255601,0
243040,-1
24507692,-1
24698217,-1
24723313,0
24847256,-1
24853811,0
24862301,-1
2488505,-1
24934385,-1
25039201,0
2527936,-1
25285583,0
25312836,0
25503255,-1
25790941,-1
25790942,-1
25790947,0
25790949,-1
25790954,0
2579897,0
25839392,-1
25876280,0
25876283,0
25876285,-1
25876288,-1
25876290,-1
25876292,0
25876295,0
25876299,0
25876303,-1
25876305,0
25876309,0
25876312,0
25923831,-1
25965984,-1
26046499,0
26046502,0
26046504,0
26046506,-1
26154066,0
2615923,0
26175947,-1
26175949,0
26175957,0
26175960,0
26175965,0
26175968,0
26175971,0
26175977,0
26175983,-1
26175986,0
26188730,0
26243676,0
26255789,0
26291122,0
26335476,-1
26458850,-1
26489519,-1
26582414,0
26612366,0
26771703,0
2678065,0
270067,0
27030906,-1
27041926,-1
27385244,-1
27385245,-1
27385250,-1
27416168,0
27534288,0
27593922,0
27618424,0
27619402,0
27675799,0
27717265,0
27717267,0
27717270,0
27717274,0
2785692,0
27980135,0
27980145,-1
28043062,0
28097256,0
28273412,0
28273467,0
2871271,-1
28784098,-1
2892435,-1
29024694,0
29024697,0
29024700,-1
29024703,0
29052649,-1
29155878,0
29295556,0
29814060,-1
29854959,0
29951698,-1
29982991,-1
30142503,-1
3015969,0
30166721,0
30346555,0
30393336,0
30394569,0
30422467,-1
30483712,0
30734076,0
30739714,0
30782343,0
31203256,0
3126320,-1
3139351,-1
31405044,-1
31414254,-1
31540364,0
31579911,-1
3199889,-1
32100221,0
32279110,0
32336751,-1
32348407,0
32355100,0
32355103,0
32355105,0
32536289,0
32639989,-1
3269034,0
32741522,-1
3292824,-1
32951261,-1
32958902,-1
32963578,0
32972091,-1
32977710,0
33009623,1
33031803,0
33103240,0
33327283,-1
33468448,0
33516158,-1
33516162,-1
33516164,-1
33516166,0
33516172,0
33516176,-1
33516177,-1
33684178,0
33696094,0
3369673,-1
33709275,0
33713240,0
33840036,0
3385662,1
33921773,0
33921781,0
34112138,0
3421149,0
34246778,0
34295818,0
34326913,0
34333021,0
34419260,0
34435669,0
34461006,0
34508745,0
3467111,-1
34715119,-1
3483434,0
348747,0
34926352,-1
34926355,0
3493067,-1
35020531,-1
35147937,0
35147944,0
35147946,-1
35147953,0
35147956,-1
35159755,-1
35159761,-1
35159762,-1
35159766,-1
35159770,-1
35159773,-1
35186889,-1
35196328,0
35252063,0
35286204,0
35295765,-1
35297767,-1
35341061,-1
35359292,0
35359295,0
35371490,0
35371493,0
35371500,0
35371512,-1
35381111,-1
35448573,0
35457466,-1
35479359,0
35479494,0
35479496,0
35479659,0
35570479,-1
35577757,-1
35632139,0
35748350,-1
35767920,0
35778732,0
35864902,-1
35896958,0
35896959,0
35896962,0
35896965,0
35896973,0
35898526,0
35898528,0
35898532,-1
35898534,0
35898741,0
35898747,-1
35898750,0
35898752,-1
35901807,-1
35934794,0
3597324,0
35997580,0
36012650,0
36014345,0
36044757,0
36187155,0
36198729,-1
36248325,0
36248931,-1
3626136,0
36265154,0
36404777,0
36499737,0
36506551,0
36590864,0
3661319,0
36616470,-1
36660865,0
36683042,0
37046265,0
37108823,0
37342445,-1
37547148,0
37797318,0
38068814,0
38178373,-1
38259986,0
38271967,0
38310764,0
3838884,0
38398716,0
38507623,-1
38512078,0
38738297,0
38738765,0
38749676,0
38777219,0
38796276,0
38886080,-1
38889095,-1
38891995,0
38892185,0
38894910,0
38896346,0
38897031,0
38897336,0
38897502,0
38901398,-1
38901619,0
38902050,0
38902134,-1
38902296,0
38902399,0
38902485,-1
38902606,-1
38902774,-1
38902986,-1
38903067,-1
38903200,-1
38903329,-1
38903421,-1
38903514,0
3891859,0
39023672,-1
39127299,-1
39192519,0
39391912,-1
39407512,0
39542111,0
39542184,0
39556117,-1
39557033,0
39574105,-1
39582227,0
39595113,0
39670806,0
39768520,0
40058475,0
40077962,0
4008153,0
40142183,0
4028720,0
40300804,-1
40340450,0
40504454,0
4073301,0
40741573,0
40834703,0
40858584,0
40900934,0
40912657,0
40916212,0
40998677,0
41331288,0
41495666,-1
41547446,0
41550759,-1
4155299,-1
41573351,-1
41574041,-1
41576210,-1
41576784,-1
41577350,-1
41578396,0
41676340,0
41697365,0
41767894,0
41905152,-1
4195472,0
42449269,0
42463217,0
42604018,0
42684342,0
42696951,-1
42806011,-1
42830589,0
42830927,-1
42831263,0
42831360,-1
42831453,0
42872351,0
42891730,0
43124912,0
4327237,0
43344626,0
43408810,0
43438092,-1
43447832,-1
43574265,0
43675393,0
43696956,-1
43721748,0
43722295,0
43824720,0
43878674,0
43895634,0
43918612,0
43953816,0
44121104,-1
44171845,-1
44202550,0
4421966,0
44231788,0
44410909,0
44441275,-1
44441651,0
44454270,0
44454355,0
44532653,0
44833589,1
44853762,0
44975640,0
45082385,-1
45175293,-1
45309772,-1
45395117,0
45407936,0
45539470,0
4555353,-1
45681190,0
45695584,0
4574708,0
45889835,1
45892341,0
45897127,0
4602936,0
46101458,0
46116370,0
46177979,0
46324844,0
46325160,-1
46325356,0
46325580,0
46326608,-1
46327137,0
46328552,-1
46350209,0
46404969,0
46501825,0
4656901,0
46612980,-1
46613144,-1
46613280,-1
46613662,-1
46686664,0
4674903,0
4696099,0
4697300,0
47391540,0
47392020,0
47459951,-1
4770319,0
47791838,-1
47792898,0
47816074,0
47839124,0
47883631,0
4806693,-1
48312772,0
48321731,0
48456686,1
48524439,0
48580136,0
48592,0
48991765,0
49243011,0
49284509,-1
49294007,0
49312155,0
49436532,0
4947623,0
49482216,0
49494705,0
49495119,-1
49540507,-1
49645511,0
49672364,0
49763806,0
49791342,0
49792053,0
49879027,0
49892396,0
50023100,0
50039835,-1
50040290,0
50041386,0
50045844,0
50114813,-1
50142453,0
50145416,0
50166539,0
50227110,0
50244284,0
50278785,0
50299887,0
50316800,0
50316920,0
50323726,0
50325789,0
50539312,-1
50584974,-1
50586393,0
50586394,0
50586396,0
50586397,0
50587634,0
50588644,-1
50588801,0
50631256,0
50633646,0
50669580,0
50669581,0
50669582,0
50669584,0
50669585,0
50669586,0
50669587,0
50669588,0
50669589,0
50689000,0
50724909,0
50825695,0
50841941,0
50841970,0
50860540,-1
50864901,0
50870648,0
50873378,0
50891362,-1
50929468,0
50929627,0
50975353,0
50998369,-1
51012299,-1
51052578,1
51184645,-1
51220692,0
51275580,0
51297160,0
51424556,0
51425526,0
51425816,0
51426240,0
51426246,0
51426411,0
51427221,0
51487311,0
51864795,0
51867525,0
51976187,0
52020773,0
52045346,0
52092593,0
52119386,0
52158439,0
52187330,0
52295040,-1
52302713,0
52312570,0
52398023,0
52484092,0
52527045,0
52611091,0
5266569,-1
52667937,0
52847450,-1
52867429,0
52873137,0
52932109,0
52979478,0
52980501,0
53063280,-1
53133307,0
53211817,0
53247344,0
53285560,0
53285892,0
53360600,0
53380893,0
53394821,0
53397381,0
53437645,0
53437661,0
53541758,0
53581369,0
53600755,0
536347,-1
53661721,0
53696088,-1
537911236635650631,0
53847371,0
53859164,0
53862997,1
53962502,-1
54010330,0
54015710,0
54119165,0
54138395,0
54154280,-1
54154430,-1
5416267,0
54182401,0
54203417,-1
54349151,0
54349174,0
54349307,0
54377619,0
54403819,0
544689154599380412,0
548982981921835287,0
549052512511151140,0
549688038849272914,0
5506550,-1
55239,-1
553367653211973652,0
554056297721156952,-1
555524661246894300,-1
557003420895976573,-1
557666965527815701,0
560034382465427800,0
562789490133248681,0
562908323845309613,0
564890107878241104,0
567270003568711651,0
567749322286572095,0
568123020306704686,0
569960394887398431,0
570410754764554083,0
571760104790972356,-1
572171632862002472,0
572178914113188935,0
572183682320481308,-1
572187223283589501,-1
572190865843763174,0
572902783413603793,0
5743007,0
5745576,0
575136553861098003,0
576653956457056389,-1
578776975207497479,-1
579008795016151227,0
579440595491945647,0
579608614231778339,-1
579682727934965644,0
582339864607604447,0
585351531933912781,0
5853836,-1
586820414438980738,0
587413646189914392,0
587703105378843795,-1
587749873623206933,-1
590967392647940686,0
591901076019570859,0
594085327971871480,-1
594179991671724995,0
594472545867051694,-1
595297179397840943,-1
5987705,0
601146978123068798,0
603358803923399963,0
603470649331945460,0
603475427410256345,0
603511530853226927,0
604197295774689485,0
604309922107973799,0
609106640789714412,0
609112785666527042,-1
609123994045629323,-1
609894265082721185,0
612990386232201151,-1
613522230361672646,0
6136342,-1
615720179683430403,0
6197994,0
619918231054718987,0
622491835401149232,0
624375807769691493,0
624714016439758208,0
6260716,-1
630424408480809604,-1
6307603,-1
632473658469819873,0
632556268135822438,0
632987221939089367,0
633008082610755252,0
633816909319451460,0
634328089288836753,0
637589142815041368,-1
638155483170218263,0
639541059848241495,0
639725043752631615,-1
639725654120558820,-1
639739501677735477,0
640476038868176116,0
641035013393922812,0
642100347544926835,0
643133749958769882,0
644037299742822649,0
644785176419646761,-1
6454645,-1
648098562183748330,-1
649223800156661385,0
649225829419588357,-1
649259112633453785,0
649965505741306628,0
650087875508913637,0
651054653562096477,0
652604214846443684,0
652853693894006739,0
653292371887242169,0
654245362735026734,0
655017881750608019,0
655680644471425734,0
655701525771992963,0
660540155758373136,0
660583102865952289,-1
6608686,-1
661266782980850337,0
661697087465562276,0
662287561261884028,0
6631831,0
663451670099707728,0
663701464381827824,-1
664373418755352725,0
666345413674172297,-1
666588553177238830,0
6668409,0
6675025,0
668606060803962851,0
669616090408633462,0
672275691398554695,0
6725364,0
673506298244253119,0
6736599,0
674525284050712019,0
674527854171381537,0
6746746,0
675161071608677177,0
676011457810393847,-1
6764772,0
678031721758706407,0
678807472996794580,-1
679610328085922064,-1
679765220770789631,0
681238783413663479,-1
682378065692237912,0
6826858,-1
683652416196198857,0
690962973642108786,0
6919917,-1
696337740842692256,0
696433710614210796,-1
6967533,0
698284013611863410,0
6990972,0
699701349236371561,0
699794573984577195,0
699893433427628983,0
699903402199525432,-1
700013667948229865,-1
7001191,0
700451488403848331,0
7048241,-1
704882310032960061,0
705613085667520572,-1
705725179597168369,0
706362020212859647,0
7067193,-1
708541033902709139,0
708696934541528736,0
7126716,-1
714374784329587828,0
7155575,-1
715737903469693967,0
7161589,0
719759965612476480,0
720760305504868291,0
721626584139109180,0
722051190960014088,0
722296136152789636,0
723195920934451055,0
724426464229666914,0
724515188109588042,0
724515900985562047,0
7267594,0
726870524936394762,-1
7272144,0
729563804746839275,0
7296933,-1
730890492848738719,0
731570159400385684,0
731633698295569011,0
732438559316139822,0
7334194,-1
735371592298899272,-1
735372182269438130,0
737549916590697908,0
7395948,0
7398532,0
740345850185213356,0
741110433896636373,0
745339779721359510,-1
7457368,0
746169726928519064,0
747508290570310998,0
748405036862816469,0
752839815899245165,0
753734139316526455,-1
755629329898504904,0
7560324,-1
757006261289754678,0
759236089021870532,0
759411827218878059,-1
759486370299691742,0
759814463939516907,0
759893168607104994,0
759947066122822685,0
7599950,0
760562936480548105,0
760690417963220848,0
7607605,-1
760764897055494968,0
762212452799380414,0
7624293,0
763958,0
764383276871030094,-1
7644798,-1
7658875,-1
766068877887885144,0
766451010623638723,0
767253119023489333,0
7677111,-1
7686703,0
769635759399229938,0
7707109,0
770861435470699476,0
770909556109508425,0
771628855861889457,0
772194948353446848,0
773017821414890396,0
775106910764993509,0
775141641231531811,0
775471514020885727,0
775851061709846190,0
777426730476908886,0
778209219542952721,0
780299593956046729,0
780320543842855948,0
780370810752980181,0
780810113266375938,0
781063712385618792,0
781707833021872770,0
781718655481904172,0
781798727486146434,0
781826676568017955,0
782257,-1
783103567374543489,0
784542648305499057,0
784588373815107000,0
785196315598141365,0
785196638689240384,0
785231403883174717,0
785413882262801110,0
786064742716089526,-1
7869412,0
788158129590484737,0
788877238832566408,0
7890896,0
791073770922564191,0
791093758987296222,-1
791094074203356108,0
794839404399161497,-1
795678146329022565,1
796285450784864268,0
797591065256962888,0
798083447697347821,0
798388265960985316,0
798472039250293596,0
800518279132466259,0
8008610,-1
802034124779488937,0
802800108705598321,0
803434049500227601,0
803447247306151603,0
803529530321481156,0
804893071764478309,0
804895881583352679,0
805562839898129709,0
805568624775583693,0
806382489927086942,0
8097866,-1
810525409617457121,0
810527173249395177,0
810814366118933094,0
810930948003604049,0
812067787596889864,0
812781936175701951,0
813488455941566469,0
8143461,0
815107721272549973,0
815724638149939299,0
819356501400414108,0
820815190092854348,-1
821024264261852449,0
821794186849823293,0
823003790586749286,-1
825254136385313076,0
825318582125633053,-1
826012018596641875,0
826021235062749383,0
828024213535172679,0
8280416,0
828704093738451504,0
828806125439840435,-1
831812034691323453,0
833819776854551879,0
833891773941567587,0
833963940349663276,0
834700817643534202,0
8356404,-1
836001367758719158,0
836225424270714553,-1
836377618882544002,-1
838077290955796522,0
838359182871426881,0
839058298538243468,0
839088492136073420,0
840029186675543399,-1
843285929473283667,0
843963474107060062,0
844184037198111589,-1
844835989604812672,0
845652,0
846302984418125038,0
846333585388413037,0
846396756841886470,0
846888252943970930,-1
848250717759584724,0
849019376663257314,-1
849194575704480901,0
850565514025574086,-1
851251124399620860,0
852253666244099746,0
853564624762144430,0
854961686798811645,0
857133331497118311,0
8626791,0
862693097946869183,0
864221655004392109,0
865151341589622993,0
865356903334667101,0
865568106246466795,0
867836796209794699,0
868901507282533721,0
869939006432631264,0
872393931062062559,0
873036682394057906,0
873768524569941961,0
874378299397672780,0
8747930,0
875197437012178890,-1
876615834871596848,0
876748160245975676,0
877330401541154103,0
877407922851271067,0
878790590090478974,0
880334543745102572,0
880935100351800108,0
882573764788327503,0
883075826868342142,0
883184361851824307,0
883220613397314884,0
883918098199104705,0
884979337938327073,0
886735,-1
886938154708846257,0
888342921024993283,-1
888346134223058423,0
888353688241733256,-1
888876043391394201,0
889041660577625624,0
889449004209222595,0
889452204667064871,0
891724075591388590,0
891890573978479212,0
892656108899693459,0
8929766,0
893684,0
894195568126767283,0
894550451533341531,0
896049366158088395,0
896983625995369577,-1
897596576297202866,0
8978922,0
898188166818711715,0
899860791660608217,0
900112514141768432,0
9003857,0
901876468014794306,0
902639227286931617,-1
902903028856610536,0
902908524680713491,0
905425604618421844,-1
905898589470746536,0
906986282915913529,0
907122193125782075,0
907853593710998463,0
907921757183609134,0
907922174138736701,0
908536135826110615,0
909079293306519762,0
909284672025773271,0
9093970,0
9100637,-1
910770584003097513,0
911583515307034468,0
912399194475014789,0
912817556797207356,0
912985223348227632,-1
913477855231933260,-1
913667950492276792,0
914268345246049169,0
914454250317961060,0
914480909370008144,0
915247292847004443,0
9164152,-1
917160655858488271,0
918479928915597638,0
919134397884762597,0
9191486,-1
919461237306903143,0
920147156101311092,-1
920251430064011022,-1
920664076539937031,0
921480763738769152,0
921839075341763361,0
921885080905050744,0
922127423561328824,0
922188021148815743,0
922512409271527679,-1
922940383653511073,0
923810158115492199,0
923882719762889326,0
924376904114902386,0
924422302711045840,0
924507470266597721,0
924515540750601306,0
924518093269942093,0
924522212562513038,-1
924689498880958117,0
924694887837969949,0
925168860519759805,0
927442714134522409,0
927446386011988076,0
928110081395286090,0
928660449158764063,0
928677990348151272,0
928710764219519051,0
928791589150668211,0
929051591099740686,0
929631223197428026,0
930276174153954692,0
930412706310909315,0
931528906366695528,0
931664415774263335,0
932329366399776521,0
9323943,-1
933073354737661076,0
933075021966201204,0
933403704344803517,0
933981264360510219,0
934183647081340871,0
936986500009216462,0
938049662017568099,0
938755713578942783,0
940197351771105098,1
940632212130748087,0
941094806887538005,0
941916716347152591,-1
941941617068409269,0
942164304571647876,-1
942540444891050230,0
942658514272912430,0
943159436056741835,0
944712307935341000,0
944734114370379090,0
945367276777593130,0
945553467447191945,-1
945590753380537193,0
945600815997104634,0
945627995422223283,0
945633953209567546,0
946851359449518592,-1
946857115029059017,0
947015625416539648,0
947162190389669312,0
947178212519767133,0
947596347782398533,0
947654347006331699,0
947672468241570718,0
947756033228756578,0
948287744148954795,0
949001222425164317,0
949151210347007343,0
949787888103051836,0
950491044044564855,-1
950681915671566956,0
951385513261703755,0
951452665083622518,0
951932339299503749,0
9521230,0
952683343153866017,0
952779133025434602,0
952922603477929712,0
952923779914180344,0
953647778797008136,0
954104853456855150,0
954308833417956705,0
955672338684509652,-1
955823035758139521,-1
955824397031835365,0
956988008660773887,-1
957843488302818100,0
960065623456634691,0
960610723849925999,0
961485706702571027,0
962317856195697078,0
9628436,0
962893496063568692,-1
964175313062836620,0
964345740526750658,0
967054443885764727,0
967691058393311427,0
968104967449651949,-1
968533589641319719,0
969320399436596807,0
969325296823916443,0
969445735945734875,-1
969462218653935637,0
969481303252337747,0
970245765235634102,0
972867473873058086,-1
973029569531990613,0
973038339501516100,0
973712047717344248,0
973811861098482451,-1
974718820807441794,-1
975204414667915093,-1
976067522198302380,0
976109959362061949,0
976212995457978413,-1
976486588257199673,0
976646637355580536,0
977254613561215807,-1
977432010187220772,-1
978123227296997788,0
978142544617946110,-1
9786323,0
979462460024027863,0
979486504798721028,0
979486723022626000,0
980371109049325559,-1
982673396723275323,0
982722001619679531,-1
982740104979080594,-1
983054616149758724,0
983295555883444569,-1
9835653,0
984740071481539588,-1
984834200211583400,0
9850431,0
985349278350260476,-1
986094158438117652,0
986180692294457272,0
988132067699279111,0
988195452944523072,0
9884091,-1
989170529500175641,0
989865954145629264,-1
990303075114579254,0
990687386862288381,-1
991042366496847681,0
992726098934345992,0
993209623931285505,0
993366530097020792,0
993909239651751467,-1
993998281810943872,0
994195935576096676,-1
9952351,0
997037201537697976,0
997499183678963825,0
998362185133160001,0
998362298457246757,0
998961872093653610,1
999002946566571378,0
9990052,0
999159419721647953,0
999266671386110799,0
999266679376145297,0
999791894791526080,0
